,net_acc_mean,net_acc_std,net_acc_min,net_acc_max,EDA_phasic_mean,EDA_phasic_std,EDA_phasic_min,EDA_phasic_max,EDA_smna_mean,EDA_smna_std,EDA_smna_min,EDA_smna_max,EDA_tonic_mean,EDA_tonic_std,EDA_tonic_min,EDA_tonic_max,BVP_mean,BVP_std,BVP_min,BVP_max,TEMP_mean,TEMP_std,TEMP_min,TEMP_max,ACC_x_mean,ACC_x_std,ACC_x_min,ACC_x_max,ACC_y_mean,ACC_y_std,ACC_y_min,ACC_y_max,ACC_z_mean,ACC_z_std,ACC_z_min,ACC_z_max,Resp_mean,Resp_std,Resp_min,Resp_max,0_mean,0_std,0_min,0_max,BVP_peak_freq,TEMP_slope,0,1,2
0,0.69951418662483,0.006453412682749767,-357.28,327.54,0.69951418662483,0.005310950107199363,-357.28,327.54,0.69951418662483,0.009184461794668268,-357.28,327.54,0.69951418662483,0.006431646758681187,-357.28,327.54,0.69951418662483,80.17996971773672,-357.28,327.54,0.69951418662483,0.06254281178349175,-357.28,327.54,0.69951418662483,7.544217849282924e-06,-357.28,327.54,0.69951418662483,0.019178701730999392,-357.28,327.54,0.69951418662483,6.473306070249278e-06,-357.28,327.54,0.69951418662483,2.2770936301172178,-357.28,327.54,0.69951418662483,0.011066805431969967,-357.28,327.54,0.16732617297908423,0.0018556003877105121,False,True,False
0,0.47473741145201537,0.0035456434290866675,-467.49,160.9,0.47473741145201537,0.0021445246322276904,-467.49,160.9,0.47473741145201537,0.005063585557933856,-467.49,160.9,0.47473741145201537,0.0024701038172174955,-467.49,160.9,0.47473741145201537,68.79122512306618,-467.49,160.9,0.47473741145201537,0.011135514148480559,-467.49,160.9,0.47473741145201537,8.210724163834012e-06,-467.49,160.9,0.47473741145201537,0.011792217644017552,-467.49,160.9,0.47473741145201537,7.045200925095381e-06,-467.49,160.9,0.47473741145201537,1.882860783015426,-467.49,160.9,0.47473741145201537,0.010055558681896701,-467.49,160.9,0.13574660633484165,0.00014364689364688594,False,True,False
0,0.5922550510329845,0.003261811243513725,-156.03,219.12,0.5922550510329845,0.0005786253856771942,-156.03,219.12,0.5922550510329845,0.002055302955566994,-156.03,219.12,0.5922550510329845,0.004006834267732051,-156.03,219.12,0.5922550510329845,48.23118579361021,-156.03,219.12,0.5922550510329845,0.021543920160168897,-156.03,219.12,0.5922550510329845,7.795433038090162e-06,-156.03,219.12,0.5922550510329845,0.013480960273879626,-156.03,219.12,0.5922550510329845,6.688860928172594e-06,-156.03,219.12,0.5922550510329845,1.7013136255662222,-156.03,219.12,0.5922550510329845,0.013480906218173222,-156.03,219.12,0.12217194570135748,0.0005817009670220496,False,True,False
0,0.5151845420849154,0.0016951800179283644,-106.65,119.13,0.5151845420849154,0.00016062904295501712,-106.65,119.13,0.5151845420849154,0.0006486071243832686,-106.65,119.13,0.5151845420849154,0.002212025545081544,-106.65,119.13,0.5151845420849154,40.953379533651436,-106.65,119.13,0.5151845420849154,0.012105641104316433,-106.65,119.13,0.5151845420849154,1.3219553130287117e-06,-106.65,119.13,0.5151845420849154,0.0011759834417843416,-106.65,119.13,0.5151845420849154,1.1343019943731376e-06,-106.65,119.13,0.5151845420849154,1.284725260516149,-106.65,119.13,0.5151845420849154,0.0011759821015652162,-106.65,119.13,0.13114754098360654,-0.00014759564759563593,False,True,False
0,0.5399530425761397,0.0023912470122949107,-114.8,103.91,0.5399530425761397,0.0004358778821277046,-114.8,103.91,0.5399530425761397,0.0016018644247636443,-114.8,103.91,0.5399530425761397,0.003223086558403958,-114.8,103.91,0.5399530425761397,39.66578166779946,-114.8,103.91,0.5399530425761397,0.0144542595740733,-114.8,103.91,0.5399530425761397,1.228854365777432e-06,-114.8,103.91,0.5399530425761397,0.0010067016771441576,-114.8,103.91,0.5399530425761397,1.0544168506739866e-06,-114.8,103.91,0.5399530425761397,1.3317743388590384,-114.8,103.91,0.5399530425761397,0.001006700632903174,-114.8,103.91,0.13574660633484165,0.0001976421792935489,False,True,False
0,0.5773156700815705,0.0023443488968935187,-106.34,71.99,0.5773156700815705,1.570542431601803e-06,-106.34,71.99,0.5773156700815705,5.719972094028106e-07,-106.34,71.99,0.5773156700815705,0.003213802797448424,-106.34,71.99,0.5773156700815705,37.584282583623754,-106.34,71.99,0.5773156700815705,0.011159540588972946,-106.34,71.99,0.5773156700815705,1.1765971941224353e-06,-106.34,71.99,0.5773156700815705,0.0008586814013319851,-106.34,71.99,0.5773156700815705,1.0095776541865068e-06,-106.34,71.99,0.5773156700815705,0.9797297186921378,-106.34,71.99,0.5773156700815705,0.000858680442483734,-106.34,71.99,0.12210288298473713,0.00015970515970513852,False,True,False
0,0.5477565087991273,0.0016499014794516698,-131.64,86.64,0.5477565087991273,0.00026508127971812563,-131.64,86.64,0.5477565087991273,0.0009844719654659932,-131.64,86.64,0.5477565087991273,0.001906483726570497,-131.64,86.64,0.5477565087991273,39.76155565022529,-131.64,86.64,0.5477565087991273,0.011563693539023458,-131.64,86.64,0.5477565087991273,9.405881627007391e-07,-131.64,86.64,0.5477565087991273,0.0007365533109563157,-131.64,86.64,0.5477565087991273,8.070704193402954e-07,-131.64,86.64,0.5477565087991273,1.4872726876265496,-131.64,86.64,0.5477565087991273,0.000736552601682684,-131.64,86.64,0.12669683257918554,-6.518945968488006e-05,False,True,False
0,0.5790386152732709,0.0019169430998660756,-113.91,69.53,0.5790386152732709,3.276125174432229e-06,-113.91,69.53,0.5790386152732709,7.977972490055285e-06,-113.91,69.53,0.5790386152732709,0.0021723818513471435,-113.91,69.53,0.5790386152732709,36.616194066084596,-113.91,69.53,0.5790386152732709,0.01178769530363635,-113.91,69.53,0.5790386152732709,1.1832404196106664e-06,-113.91,69.53,0.5790386152732709,0.0009329327091642861,-113.91,69.53,0.5790386152732709,1.0152778649622453e-06,-113.91,69.53,0.5790386152732709,1.1428612123269553,-113.91,69.53,0.5790386152732709,0.0009329317143137324,-113.91,69.53,0.12210288298473713,-8.073008073007015e-05,False,True,False
0,0.543203114905633,0.0015672114669785463,-118.22,61.85,0.543203114905633,2.2290980081526575e-05,-118.22,61.85,0.543203114905633,8.702186598680641e-05,-118.22,61.85,0.543203114905633,0.0017624461790211735,-118.22,61.85,0.543203114905633,35.56886193496093,-118.22,61.85,0.543203114905633,0.013030162085212701,-118.22,61.85,0.543203114905633,6.763029343306792e-07,-118.22,61.85,0.543203114905633,0.0005972419631435806,-118.22,61.85,0.543203114905633,5.803008313905337e-07,-118.22,61.85,0.543203114905633,1.1662303206460427,-118.22,61.85,0.543203114905633,0.0005972413747885218,-118.22,61.85,0.12217194570135748,4.327930933432686e-05,False,True,False
0,0.5767214921970548,0.0016665189543813117,-80.09,64.38,0.5767214921970548,0.00016210055310152916,-80.09,64.38,0.5767214921970548,0.0006394297178136219,-80.09,64.38,0.5767214921970548,0.0021509895974722126,-80.09,64.38,0.5767214921970548,33.02006006597366,-80.09,64.38,0.5767214921970548,0.009999594180546916,-80.09,64.38,0.5767214921970548,3.9632643170718985e-07,-80.09,64.38,0.5767214921970548,0.00046991776788381874,-80.09,64.38,0.5767214921970548,3.4006736648176786e-07,-80.09,64.38,0.5767214921970548,1.3784173000035647,-80.09,64.38,0.5767214921970548,0.00046991742869928406,-80.09,64.38,0.12217194570135748,-3.15900315900253e-05,False,True,False
0,0.5432599463789443,0.0014128492915351086,-88.0,49.87,0.5432599463789443,0.0002390238292233374,-88.0,49.87,0.5432599463789443,0.0008977980941247767,-88.0,49.87,0.5432599463789443,0.0016470818283351102,-88.0,49.87,0.5432599463789443,32.25028934967329,-88.0,49.87,0.5432599463789443,0.012017892996115654,-88.0,49.87,0.5432599463789443,4.0970914365069796e-07,-88.0,49.87,0.5432599463789443,0.00043882444033078994,-88.0,49.87,0.5432599463789443,3.5155038462771707e-07,-88.0,49.87,0.5432599463789443,1.638307410368888,-88.0,49.87,0.5432599463789443,0.00043882410678833884,-88.0,49.87,0.12210288298473713,6.482879877374048e-05,False,True,False
0,0.573431795092743,0.0011207200539714679,-83.1,52.31,0.573431795092743,6.742583141749015e-05,-83.1,52.31,0.573431795092743,0.00029590834121940744,-83.1,52.31,0.573431795092743,0.0005771193553681627,-83.1,52.31,0.573431795092743,31.050465515765232,-83.1,52.31,0.573431795092743,0.010438016834565196,-83.1,52.31,0.573431795092743,4.4299607710108956e-07,-83.1,52.31,0.573431795092743,0.00039950661456588,-83.1,52.31,0.573431795092743,3.801121935082593e-07,-83.1,52.31,0.573431795092743,0.917733619242261,-83.1,52.31,0.573431795092743,0.0003995063160710268,-83.1,52.31,0.12217194570135748,0.00011021411021407949,False,True,False
0,0.5427530484273363,0.001224481565769579,-92.78,53.47,0.5427530484273363,5.9559481951159554e-05,-92.78,53.47,0.5427530484273363,0.0002353630808524072,-92.78,53.47,0.5427530484273363,0.0012300793851348882,-92.78,53.47,0.5427530484273363,34.649562292157846,-92.78,53.47,0.5427530484273363,0.01601679177300615,-92.78,53.47,0.5427530484273363,2.9959507123046826e-07,-92.78,53.47,0.5427530484273363,0.0003437512930642475,-92.78,53.47,0.5427530484273363,2.570671515533296e-07,-92.78,53.47,0.5427530484273363,1.0951086992076944,-92.78,53.47,0.5427530484273363,0.0003437510493499314,-92.78,53.47,0.12210288298473713,4.334854334856321e-05,False,True,False
0,0.6209582413356232,0.0034490245242725956,-148.83,129.85,0.6209582413356232,0.0013172575687097022,-148.83,129.85,0.6209582413356232,0.003136365296227068,-148.83,129.85,0.6209582413356232,0.004596729620503295,-148.83,129.85,0.6209582413356232,39.75878225581275,-148.83,129.85,0.6209582413356232,0.008260230321165326,-148.83,129.85,0.6209582413356232,2.6766030892949365e-06,-148.83,129.85,0.6209582413356232,0.0021511792137305094,-148.83,129.85,0.6209582413356232,2.296655713252999e-06,-148.83,129.85,0.6209582413356232,1.9646828135179955,-148.83,129.85,0.6209582413356232,0.002151180146399797,-148.83,129.85,0.13122171945701358,4.90498839122769e-05,False,True,False
0,0.4784090609528128,0.0014877715252473527,-255.01,133.66,0.4784090609528128,0.0009993926426013738,-255.01,133.66,0.4784090609528128,0.0032005961288491197,-255.01,133.66,0.4784090609528128,0.001298218321224612,-255.01,133.66,0.4784090609528128,48.951720870743856,-255.01,133.66,0.4784090609528128,0.009829320141973324,-255.01,133.66,0.4784090609528128,2.339783471066454e-06,-255.01,133.66,0.4784090609528128,0.0033089712220245554,-255.01,133.66,0.4784090609528128,2.0076480887628447e-06,-255.01,133.66,0.4784090609528128,2.2191385767563103,-255.01,133.66,0.4784090609528128,0.003308970003828162,-255.01,133.66,0.14019219898247595,7.651807651808848e-05,False,True,False
0,0.5734425112266053,0.0010860289567143312,-89.79,78.19,0.5734425112266053,0.00024848000215629384,-89.79,78.19,0.5734425112266053,0.0009881983815189772,-89.79,78.19,0.5734425112266053,0.0007458731392449057,-89.79,78.19,0.5734425112266053,34.07969819170135,-89.79,78.19,0.5734425112266053,0.015487665046579571,-89.79,78.19,0.5734425112266053,7.707064575181795e-07,-89.79,78.19,0.5734425112266053,0.0005568982006549944,-89.79,78.19,0.5734425112266053,6.613036486356179e-07,-89.79,78.19,0.5734425112266053,1.5081257176375862,-89.79,78.19,0.5734425112266053,0.0005568978966137032,-89.79,78.19,0.12669683257918554,0.00012046074431397953,False,True,False
0,0.5460989624740061,0.0012570175600271677,-116.21,56.93,0.5460989624740061,0.0003451065507870155,-116.21,56.93,0.5460989624740061,0.0014899216089386338,-116.21,56.93,0.5460989624740061,0.0004782275411521944,-116.21,56.93,0.5460989624740061,35.972595364460346,-116.21,56.93,0.5460989624740061,0.007171080627794612,-116.21,56.93,0.5460989624740061,6.806996096612868e-07,-116.21,56.93,0.5460989624740061,0.0005617793835023385,-116.21,56.93,0.5460989624740061,5.840733927978426e-07,-116.21,56.93,0.5460989624740061,1.6517960680401962,-116.21,56.93,0.5460989624740061,0.0005617792598976547,-116.21,56.93,0.11764705882352942,2.3166023166028657e-05,False,True,False
0,0.5816312531765947,0.0011686083397148281,-91.3,111.36,0.5816312531765947,0.00012845159577345175,-91.3,111.36,0.5816312531765947,3.3957153977158046e-07,-91.3,111.36,0.5816312531765947,0.0002889024180910393,-91.3,111.36,0.5816312531765947,37.10354186291516,-91.3,111.36,0.5816312531765947,0.014458832983324696,-91.3,111.36,0.5816312531765947,7.592245718979907e-07,-91.3,111.36,0.5816312531765947,0.00043381189434449845,-91.3,111.36,0.5816312531765947,6.514516319828713e-07,-91.3,111.36,0.5816312531765947,1.0902435735665703,-91.3,111.36,0.5816312531765947,0.0004338115869970614,-91.3,111.36,0.11305822498586772,0.00025823321236165974,False,True,False
0,0.5508549669085926,0.0011133468322725303,-91.72,74.28,0.5508549669085926,6.899075977182425e-05,-91.72,74.28,0.5508549669085926,0.0002665240377700222,-91.72,74.28,0.5508549669085926,0.00046581396738578924,-91.72,74.28,0.5508549669085926,37.349362012202995,-91.72,74.28,0.5508549669085926,0.011194396084331888,-91.72,74.28,0.5508549669085926,7.008309680286718e-07,-91.72,74.28,0.5508549669085926,0.00043069276438283615,-91.72,74.28,0.5508549669085926,6.013470780128505e-07,-91.72,74.28,0.5508549669085926,1.304779341782355,-91.72,74.28,0.5508549669085926,0.00043069259900483444,-91.72,74.28,0.12217194570135748,-1.965601965602946e-05,False,True,False
0,0.5223189011811843,0.0011498674310508172,-108.46,55.55,0.5223189011811843,0.00014605063927537103,-108.46,55.55,0.5223189011811843,0.0005718925845563268,-108.46,55.55,0.5223189011811843,0.00036254188331893625,-108.46,55.55,0.5223189011811843,35.70291823250687,-108.46,55.55,0.5223189011811843,0.008139283376581466,-108.46,55.55,0.5223189011811843,8.081729212554802e-07,-108.46,55.55,0.5223189011811843,0.0004289088129506896,-108.46,55.55,0.5223189011811843,6.934516979081468e-07,-108.46,55.55,0.5223189011811843,1.4996340301063291,-108.46,55.55,0.5223189011811843,0.0004289085324608198,-108.46,55.55,0.12662521198417184,5.842706760138071e-05,False,True,False
0,0.6122469243280365,0.0028397062558817095,-105.36,81.83,0.6122469243280365,0.0003874690321071366,-105.36,81.83,0.6122469243280365,0.0012666824161486113,-105.36,81.83,0.6122469243280365,0.0035933748883772215,-105.36,81.83,0.6122469243280365,34.895239713213265,-105.36,81.83,0.6122469243280365,0.012860498413610696,-105.36,81.83,0.6122469243280365,1.5601145153905317e-06,-105.36,81.83,0.6122469243280365,0.005564710824137763,-105.36,81.83,0.6122469243280365,1.3386541805286619e-06,-105.36,81.83,0.6122469243280365,1.6874731751846044,-105.36,81.83,0.6122469243280365,0.0055647100540051715,-105.36,81.83,0.11764705882352942,0.0002589505089505165,False,True,False
0,0.4820547528150868,0.0024878131502786786,-106.08,150.86,0.4820547528150868,0.0004745847621638512,-106.08,150.86,0.4820547528150868,0.001872302845961444,-106.08,150.86,0.4820547528150868,0.003555724157554295,-106.08,150.86,0.4820547528150868,34.821950527447235,-106.08,150.86,0.4820547528150868,0.018379830843023248,-106.08,150.86,0.4820547528150868,2.5617850392108945e-06,-106.08,150.86,0.4820547528150868,0.007096626687697332,-106.08,150.86,0.4820547528150868,2.1981362384138867e-06,-106.08,150.86,0.4820547528150868,2.365283546528263,-106.08,150.86,0.4820547528150868,0.007096626783304784,-106.08,150.86,0.14932126696832582,0.0002345197574555239,False,True,False
0,0.6011086219557004,0.001105278033074604,-106.68,79.99,0.6011086219557004,1.8869407634125046e-07,-106.68,79.99,0.6011086219557004,2.520405884319564e-07,-106.68,79.99,0.6011086219557004,0.0004562483043499643,-106.68,79.99,0.6011086219557004,38.50359998327221,-106.68,79.99,0.6011086219557004,0.01115954058897285,-106.68,79.99,0.6011086219557004,8.158850708379679e-07,-106.68,79.99,0.6011086219557004,0.00043463252658141943,-106.68,79.99,0.6011086219557004,7.000690975782446e-07,-106.68,79.99,0.6011086219557004,1.4953391157744298,-106.68,79.99,0.6011086219557004,0.00043463238170556707,-106.68,79.99,0.11758055398530243,-7.371007370996053e-06,False,True,False
0,0.5599984746799908,0.001187352696515137,-102.83,97.11,0.5599984746799908,9.313370958211016e-05,-102.83,97.11,0.5599984746799908,0.0005196308423275988,-102.83,97.11,0.5599984746799908,0.0007960717511216819,-102.83,97.11,0.5599984746799908,40.03826507978796,-102.83,97.11,0.5599984746799908,0.011029637009530614,-102.83,97.11,0.5599984746799908,4.887019722845699e-07,-102.83,97.11,0.5599984746799908,0.0004254675770880362,-102.83,97.11,0.5599984746799908,4.193300759512388e-07,-102.83,97.11,0.5599984746799908,1.1593536726877538,-102.83,97.11,0.5599984746799908,0.00042546754676479334,-102.83,97.11,0.11312217194570137,-1.875436737822634e-05,False,True,False
0,0.5344672071315196,0.001073440231526749,-100.52,76.52,0.5344672071315196,0.00026413303561263773,-100.52,76.52,0.5344672071315196,0.0007978405824640755,-100.52,76.52,0.5344672071315196,0.0006201100000396462,-100.52,76.52,0.5344672071315196,38.32794705509879,-100.52,76.52,0.5344672071315196,0.011001324340522577,-100.52,76.52,0.5344672071315196,6.180732768652451e-07,-100.52,76.52,0.5344672071315196,0.0003949824258102335,-100.52,76.52,0.5344672071315196,5.303369514138495e-07,-100.52,76.52,0.5344672071315196,1.265931643139391,-100.52,76.52,0.5344672071315196,0.0003949822559851639,-100.52,76.52,0.12210288298473713,3.86100386100323e-05,False,True,False
0,0.5465482735861471,0.0012021136331720065,-91.62,59.78,0.5465482735861471,0.00011159129043419659,-91.62,59.78,0.5465482735861471,1.183315693641583e-06,-91.62,59.78,0.5465482735861471,0.0006464117452526385,-91.62,59.78,0.5465482735861471,35.81650558692244,-91.62,59.78,0.5465482735861471,0.01373178733709248,-91.62,59.78,0.5465482735861471,3.440551404422974e-07,-91.62,59.78,0.5465482735861471,0.00037553318438728403,-91.62,59.78,0.5465482735861471,2.9521605468183595e-07,-91.62,59.78,0.5465482735861471,1.4959104506176946,-91.62,59.78,0.5465482735861471,0.00037553313787039376,-91.62,59.78,0.11312217194570137,9.232919324663887e-05,False,True,False
0,0.5935494154721453,0.0009438538421694782,-96.99,59.45,0.5935494154721453,2.84664126710406e-07,-96.99,59.45,0.5935494154721453,3.094819201678846e-07,-96.99,59.45,0.5935494154721453,0.00041353522072570765,-96.99,59.45,0.5935494154721453,36.395464051295605,-96.99,59.45,0.5935494154721453,0.013206113298602926,-96.99,59.45,0.5935494154721453,5.817669592157717e-07,-96.99,59.45,0.5935494154721453,0.0004061849606564913,-96.99,59.45,0.5935494154721453,4.991843639456773e-07,-96.99,59.45,0.5935494154721453,1.345496482474161,-96.99,59.45,0.5935494154721453,0.000406184847281583,-96.99,59.45,0.12662521198417184,-1.3689013689015828e-05,False,True,False
0,0.5381613516626844,0.0011300651206563748,-93.73,57.01,0.5381613516626844,1.6669250890185105e-07,-93.73,57.01,0.5381613516626844,2.9895446661862423e-07,-93.73,57.01,0.5381613516626844,0.00032243253671096207,-93.73,57.01,0.5381613516626844,37.43502950457895,-93.73,57.01,0.5381613516626844,0.01397045288167306,-93.73,57.01,0.5381613516626844,3.50679961987114e-07,-93.73,57.01,0.5381613516626844,0.0002617496210808679,-93.73,57.01,0.5381613516626844,3.009004739784572e-07,-93.73,57.01,0.5381613516626844,1.0441738238399931,-93.73,57.01,0.5381613516626844,0.0002617495796984696,-93.73,57.01,0.12217194570135748,0.00015292022631473512,False,True,False
0,0.5519608410964607,0.0012013622198282581,-86.97,53.23,0.5519608410964607,0.00045647258020854986,-86.97,53.23,0.5519608410964607,0.0018375774437607963,-86.97,53.23,0.5519608410964607,0.000421058075218555,-86.97,53.23,0.5519608410964607,35.166488342031975,-86.97,53.23,0.5519608410964607,0.012412832179929091,-86.97,53.23,0.5519608410964607,3.669733827430004e-07,-86.97,53.23,0.5519608410964607,0.0002106332835585515,-86.97,53.23,0.5519608410964607,3.148810219413225e-07,-86.97,53.23,0.5519608410964607,1.2739815006885626,-86.97,53.23,0.5519608410964607,0.000210633240244774,-86.97,53.23,0.11764705882352942,5.563355563355822e-05,False,True,False
0,0.6102943582236707,0.0010750035094454478,-86.49,64.39,0.6102943582236707,0.00011807006540727077,-86.49,64.39,0.6102943582236707,0.0004674556912029979,-86.49,64.39,0.6102943582236707,0.0004716802867913359,-86.49,64.39,0.6102943582236707,35.088644790373515,-86.49,64.39,0.6102943582236707,0.013607241630596787,-86.49,64.39,0.6102943582236707,3.998155813400865e-07,-86.49,64.39,0.6102943582236707,0.0002756959635967113,-86.49,64.39,0.6102943582236707,3.4306122667375304e-07,-86.49,64.39,0.6102943582236707,1.173595574246852,-86.49,64.39,0.6102943582236707,0.0002756959166099198,-86.49,64.39,0.11758055398530243,-0.00011838694407503598,False,True,False
0,0.5244902793632668,0.001195089153346954,-103.47,112.89,0.5244902793632668,2.40750835294854e-05,-103.47,112.89,0.5244902793632668,2.2049027509120766e-07,-103.47,112.89,0.5244902793632668,0.00013012259344093752,-103.47,112.89,0.5244902793632668,38.40403281538536,-103.47,112.89,0.5244902793632668,0.010019054972583796,-103.47,112.89,0.5244902793632668,5.037847994952484e-07,-103.47,112.89,0.5244902793632668,0.0003466548185128578,-103.47,112.89,0.5244902793632668,4.3227187573618065e-07,-103.47,112.89,0.5244902793632668,0.926303899692087,-103.47,112.89,0.5244902793632668,0.00034665475381039123,-103.47,112.89,0.11312217194570137,-3.61530361530418e-05,False,True,False
0,0.5679901349743486,0.001058385528063099,-84.81,66.5,0.5679901349743486,0.0003270507734124277,-84.81,66.5,0.5679901349743486,0.0012713551313463679,-84.81,66.5,0.5679901349743486,0.00037352932466483716,-84.81,66.5,0.5679901349743486,34.075103618569926,-84.81,66.5,0.5679901349743486,0.013605691624255269,-84.81,66.5,0.5679901349743486,3.48896769389739e-07,-84.81,66.5,0.5679901349743486,0.0002444939234554011,-84.81,66.5,0.5679901349743486,2.99370407947012e-07,-84.81,66.5,0.5679901349743486,0.9349753299567634,-84.81,66.5,0.5679901349743486,0.0002444938786163874,-84.81,66.5,0.11758055398530243,-6.440856440856425e-05,False,True,False
0,0.5782629476484733,0.0034811108946395876,-205.98,103.99,0.5782629476484733,0.002288082773905823,-205.98,103.99,0.5782629476484733,0.005434002602281356,-205.98,103.99,0.5782629476484733,0.004394713494706458,-205.98,103.99,0.5782629476484733,42.930550611114086,-205.98,103.99,0.5782629476484733,0.01133851769285119,-205.98,103.99,0.5782629476484733,7.876113404747426e-06,-205.98,103.99,0.5782629476484733,0.011869119241067668,-205.98,103.99,0.5782629476484733,6.758088609247847e-06,-205.98,103.99,0.5782629476484733,1.4731343620648838,-205.98,103.99,0.5782629476484733,0.008184628185201657,-205.98,103.99,0.12217194570135748,5.4910623717971234e-05,False,True,False
0,0.7368330002705862,0.002488616165031938,-143.88,88.76,0.7368330002705862,0.0014821309443696928,-143.88,88.76,0.7368330002705862,0.004937969313226662,-143.88,88.76,0.7368330002705862,0.003466171786612159,-143.88,88.76,0.7368330002705862,30.883410753199794,-143.88,88.76,0.7368330002705862,0.014194264786474467,-143.88,88.76,0.7368330002705862,4.857459872685063e-06,-143.88,88.76,0.7368330002705862,0.00606261240394911,-143.88,88.76,0.7368330002705862,4.167936969480968e-06,-143.88,88.76,0.7368330002705862,2.8161313021458807,-143.88,88.76,0.7368330002705862,0.006049118636681747,-143.88,88.76,0.13114754098360654,6.08985608985663e-05,False,True,False
0,0.33179075483587195,0.0032424629789214996,-481.65,404.27,0.33179075483587195,0.0034380818601099897,-481.65,404.27,0.33179075483587195,0.010610210191643404,-481.65,404.27,0.33179075483587195,0.0021324844643282378,-481.65,404.27,0.33179075483587195,110.31488208537097,-481.65,404.27,0.33179075483587195,0.011184404726714257,-481.65,404.27,0.33179075483587195,6.9905990546295155e-06,-481.65,404.27,0.33179075483587195,0.02504584351854865,-481.65,404.27,0.33179075483587195,5.998274201388994e-06,-481.65,404.27,0.33179075483587195,3.648488695503833,-481.65,404.27,0.33179075483587195,0.011825884584070558,-481.65,404.27,0.09502262443438915,0.00022865901764987907,False,True,False
0,0.5835302848587878,0.007584801196762466,-128.0,150.29,0.5835302848587878,0.007016989264426758,-128.0,150.29,0.5835302848587878,0.020662140465865654,-128.0,150.29,0.5835302848587878,0.005818655236919584,-128.0,150.29,0.5835302848587878,40.82289868875591,-128.0,150.29,0.5835302848587878,0.012384029028784061,-128.0,150.29,0.5835302848587878,3.972531411878389e-06,-128.0,150.29,0.5835302848587878,0.007608340879001887,-128.0,150.29,0.5835302848587878,3.408625283164716e-06,-128.0,150.29,0.5835302848587878,1.4367686292559716,-128.0,150.29,0.5835302848587878,0.007601183541486002,-128.0,150.29,0.12217194570135748,7.335907335906574e-05,False,True,False
0,0.5496612128752415,0.0034772912961933355,-87.46,74.96,0.5496612128752415,0.0018855401458267216,-87.46,74.96,0.5496612128752415,0.007341285272538857,-87.46,74.96,0.5496612128752415,0.004175812547988955,-87.46,74.96,0.5496612128752415,33.028925723333444,-87.46,74.96,0.5496612128752415,0.009851794315741515,-87.46,74.96,0.5496612128752415,6.716225405226364e-07,-87.46,74.96,0.5496612128752415,0.0004950273015729645,-87.46,74.96,0.5496612128752415,5.762848257218154e-07,-87.46,74.96,0.5496612128752415,1.1512720329041677,-87.46,74.96,0.5496612128752415,0.0004950269277661843,-87.46,74.96,0.12210288298473713,2.0197011022680727e-05,False,True,False
0,0.5506403609569299,0.0012213648342777339,-116.0,81.87,0.5506403609569299,0.0005998500330108375,-116.0,81.87,0.5506403609569299,0.0016610041507418242,-116.0,81.87,0.5506403609569299,0.0012927092658030679,-116.0,81.87,0.5506403609569299,34.050487351326424,-116.0,81.87,0.5506403609569299,0.010641313917284763,-116.0,81.87,0.5506403609569299,2.802006231903325e-07,-116.0,81.87,0.5506403609569299,0.0002358378358787715,-116.0,81.87,0.5506403609569299,2.404257712624268e-07,-116.0,81.87,0.5506403609569299,1.1266835328269609,-116.0,81.87,0.5506403609569299,0.00023583773303496226,-116.0,81.87,0.12669683257918554,9.126009126014416e-06,False,True,False
0,0.5445503389453521,0.001033861353911069,-79.65,42.26,0.5445503389453521,4.753318709058455e-07,-79.65,42.26,0.5445503389453521,4.5502857883886823e-07,-79.65,42.26,0.5445503389453521,0.0005084804555603023,-79.65,42.26,0.5445503389453521,31.436189210502448,-79.65,42.26,0.5445503389453521,0.012887305561213631,-79.65,42.26,0.5445503389453521,3.4826782360302e-07,-79.65,42.26,0.5445503389453521,0.0003566499667369106,-79.65,42.26,0.5445503389453521,2.9883074185300995e-07,-79.65,42.26,0.5445503389453521,1.0039887433967014,-79.65,42.26,0.5445503389453521,0.00035664979129522087,-79.65,42.26,0.11305822498586772,5.770574577911341e-06,False,True,False
0,0.5560546727205596,0.0012076753242312728,-90.46,118.25,0.5560546727205596,7.219621146265546e-05,-90.46,118.25,0.5560546727205596,0.0002889170641542825,-90.46,118.25,0.5560546727205596,0.0005812251313489025,-90.46,118.25,0.5560546727205596,33.853672903491685,-90.46,118.25,0.5560546727205596,0.018431296364027946,-90.46,118.25,0.5560546727205596,8.600633476610857e-07,-90.46,118.25,0.5560546727205596,0.0007037236328727789,-90.46,118.25,0.5560546727205596,7.379762091232035e-07,-90.46,118.25,0.5560546727205596,1.2136192410291007,-90.46,118.25,0.5560546727205596,0.000703722945937935,-90.46,118.25,0.12217194570135748,-0.0002885222885222825,False,True,False
0,0.5390817524457492,0.0011950095964816012,-97.79,67.84,0.5390817524457492,0.00010700916563780693,-97.79,67.84,0.5390817524457492,0.0004339652139804471,-97.79,67.84,0.5390817524457492,0.0011502880595491746,-97.79,67.84,0.5390817524457492,34.53392565298485,-97.79,67.84,0.5390817524457492,0.01426548745158935,-97.79,67.84,0.5390817524457492,6.524959375778309e-07,-97.79,67.84,0.5390817524457492,0.0004940692295107378,-97.79,67.84,0.5390817524457492,5.598732695579614e-07,-97.79,67.84,0.5390817524457492,1.0642946507261088,-97.79,67.84,0.5390817524457492,0.0004940687460027339,-97.79,67.84,0.12217194570135748,-0.00017474021143747617,False,True,False
0,0.996180466401005,0.21473172006382898,-295.85,249.65,0.996180466401005,0.23249053417825452,-295.85,249.65,0.996180466401005,0.5409880172154756,-295.85,249.65,0.996180466401005,0.12603222437226944,-295.85,249.65,0.996180466401005,82.54902796490825,-295.85,249.65,0.996180466401005,0.011704346865041099,-295.85,249.65,0.996180466401005,4.8131495554478195e-06,-295.85,249.65,0.996180466401005,0.008051856302689927,-295.85,249.65,0.996180466401005,4.1299165608346595e-06,-295.85,249.65,0.996180466401005,1.5985067516420681,-295.85,249.65,0.996180466401005,0.005557709832562069,-295.85,249.65,0.07235726399095534,-2.3082298311644084e-05,False,False,True
0,0.9960421263715256,0.12291510958751509,-432.66,648.68,0.9960421263715256,0.31417523310182416,-432.66,648.68,0.9960421263715256,0.830371230886297,-432.66,648.68,0.9960421263715256,0.20896037082731314,-432.66,648.68,0.9960421263715256,146.00156768982947,-432.66,648.68,0.9960421263715256,0.017364733409954793,-432.66,648.68,0.9960421263715256,7.287553253734496e-06,-432.66,648.68,0.9960421263715256,0.00553336567076166,-432.66,648.68,0.9960421263715256,6.25307535613494e-06,-432.66,648.68,0.9960421263715256,1.607698118209691,-432.66,648.68,0.9960421263715256,0.004305145954899974,-432.66,648.68,0.14932126696832582,-8.599508599493669e-06,False,False,True
0,1.108996899591719,0.1500657707370509,-256.37,175.76,1.108996899591719,0.20777663185791898,-256.37,175.76,1.108996899591719,0.5308535982331885,-256.37,175.76,1.108996899591719,0.05221555175568279,-256.37,175.76,1.108996899591719,64.35404681915166,-256.37,175.76,1.108996899591719,0.018657637525060104,-256.37,175.76,1.108996899591719,3.6293932948268523e-06,-256.37,175.76,1.108996899591719,0.008139088374684904,-256.37,175.76,1.108996899591719,3.1141960791810656e-06,-256.37,175.76,1.108996899591719,1.2178126277819663,-256.37,175.76,1.108996899591719,0.0065291868440017055,-256.37,175.76,0.15837104072398192,-0.0002078759326465781,False,False,True
0,0.8350217685960069,0.22805727395833622,-444.39,278.54,0.8350217685960069,0.3192981862355651,-444.39,278.54,0.8350217685960069,0.9345451960226361,-444.39,278.54,0.8350217685960069,0.017492157509519587,-444.39,278.54,0.8350217685960069,69.48874699437879,-444.39,278.54,0.8350217685960069,0.015014534526847924,-444.39,278.54,0.8350217685960069,2.5218388867840187e-06,-444.39,278.54,0.8350217685960069,0.003892388365514896,-444.39,278.54,0.8350217685960069,2.1638604955663263e-06,-444.39,278.54,0.8350217685960069,1.5073152629102704,-444.39,278.54,0.8350217685960069,0.003291080053667239,-444.39,278.54,0.027133973996608253,-0.0002151632151632328,False,False,True
0,1.2078592981606775,0.20198670146697353,-249.96,269.2,1.2078592981606775,0.21376713547283713,-249.96,269.2,1.2078592981606775,0.6882827412678608,-249.96,269.2,1.2078592981606775,0.1852922796298741,-249.96,269.2,1.2078592981606775,86.42000167869458,-249.96,269.2,1.2078592981606775,0.016272473334735943,-249.96,269.2,1.2078592981606775,2.8476413551799024e-06,-249.96,269.2,1.2078592981606775,0.004359269245896791,-249.96,269.2,1.2078592981606775,2.4434148693268525e-06,-249.96,269.2,1.2078592981606775,1.1059369966938615,-249.96,269.2,1.2078592981606775,0.003776082413816095,-249.96,269.2,0.07239819004524888,-0.0004439735815882052,False,False,True
0,0.9357085043117146,0.12732602411597427,-402.71,248.08,0.9357085043117146,0.16568741342471718,-402.71,248.08,0.9357085043117146,0.6746679496927752,-402.71,248.08,0.9357085043117146,0.08888603604438781,-402.71,248.08,0.9357085043117146,73.59366074014179,-402.71,248.08,0.9357085043117146,0.016875487530043563,-402.71,248.08,0.9357085043117146,4.755121625107128e-06,-402.71,248.08,0.9357085043117146,0.011428557420391734,-402.71,248.08,0.9357085043117146,4.0801257725484886e-06,-402.71,248.08,0.9357085043117146,1.4619467054129378,-402.71,248.08,0.9357085043117146,0.00854440630727877,-402.71,248.08,0.14019219898247595,-0.000338013338013325,False,False,True
0,1.0268862715060427,0.08299849719798234,-388.09,386.04,1.0268862715060427,0.12798677505428857,-388.09,386.04,1.0268862715060427,0.36482945166942915,-388.09,386.04,1.0268862715060427,0.03008367305991634,-388.09,386.04,1.0268862715060427,75.77675104111121,-388.09,386.04,1.0268862715060427,0.015060209738095407,-388.09,386.04,1.0268862715060427,4.773427962986844e-06,-388.09,386.04,1.0268862715060427,0.007016449321390855,-388.09,386.04,1.0268862715060427,4.095833501366534e-06,-388.09,386.04,1.0268862715060427,1.8183046503516773,-388.09,386.04,1.0268862715060427,0.0054878786998673905,-388.09,386.04,0.08144796380090498,-0.0002435362802335609,False,False,True
0,1.0645178600706564,0.1877288761351512,-348.28,204.23,1.0645178600706564,0.29786477568532355,-348.28,204.23,1.0645178600706564,0.6306888582374491,-348.28,204.23,1.0645178600706564,0.046736422227378234,-348.28,204.23,1.0645178600706564,51.748883366865115,-348.28,204.23,1.0645178600706564,0.01846736977615166,-348.28,204.23,1.0645178600706564,3.1764344726708335e-06,-348.28,204.23,1.0645178600706564,0.005154407424767567,-348.28,204.23,1.0645178600706564,2.7255353655572908e-06,-348.28,204.23,1.0645178600706564,1.3664649686802828,-348.28,204.23,1.0645178600706564,0.004241110247045759,-348.28,204.23,0.1492368569813454,-0.00023008073008070874,False,False,True
0,1.0188759092784923,0.12418201046342381,-406.87,329.27,1.0188759092784923,0.13345318548291282,-406.87,329.27,1.0188759092784923,0.2642833538010749,-406.87,329.27,1.0188759092784923,0.08623343558207759,-406.87,329.27,1.0188759092784923,96.5508787191433,-406.87,329.27,1.0188759092784923,0.015021747320534453,-406.87,329.27,1.0188759092784923,3.528582881173661e-06,-406.87,329.27,1.0188759092784923,0.004919215768294514,-406.87,329.27,1.0188759092784923,3.0276958381113338e-06,-406.87,329.27,1.0188759092784923,1.2778228787756487,-406.87,329.27,1.0188759092784923,0.0032243071362709225,-406.87,329.27,0.07692307692307693,-0.0003242341590965373,False,False,True
0,1.0648601363736587,0.0740944816620589,-359.73,160.33,1.0648601363736587,0.11217884169544419,-359.73,160.33,1.0648601363736587,0.35984015751783294,-359.73,160.33,1.0648601363736587,0.02270439813041737,-359.73,160.33,1.0648601363736587,56.58969350577138,-359.73,160.33,1.0648601363736587,0.011679790177040236,-359.73,160.33,1.0648601363736587,2.4523570165473395e-06,-359.73,160.33,1.0648601363736587,0.00482755080067282,-359.73,160.33,1.0648601363736587,2.1042416694188124e-06,-359.73,160.33,1.0648601363736587,1.5849037373386443,-359.73,160.33,1.0648601363736587,0.004151694966695381,-359.73,160.33,0.0497737556561086,-0.00012407862407863424,False,False,True
0,1.010128516074714,0.06521355267109999,-186.65,145.89,1.010128516074714,0.10457055316184131,-186.65,145.89,1.010128516074714,0.24445906006011606,-186.65,145.89,1.010128516074714,0.06585264560546414,-186.65,145.89,1.010128516074714,39.74897356474241,-186.65,145.89,1.010128516074714,0.01197242009683953,-186.65,145.89,1.010128516074714,5.611796309466305e-06,-186.65,145.89,1.010128516074714,0.003796509260940341,-186.65,145.89,1.010128516074714,4.815194343642077e-06,-186.65,145.89,1.010128516074714,1.719049057207275,-186.65,145.89,1.010128516074714,0.0028640637073541033,-186.65,145.89,0.13114754098360654,-6.059103306808933e-05,False,False,True
0,1.0333738663018124,0.15852906709523898,-268.36,331.69,1.0333738663018124,0.19747770644900697,-268.36,331.69,1.0333738663018124,0.5146763085561873,-268.36,331.69,1.0333738663018124,0.04913629912506901,-268.36,331.69,1.0333738663018124,74.67175535970368,-268.36,331.69,1.0333738663018124,0.010086872073714977,-268.36,331.69,1.0333738663018124,1.304792309173806e-06,-268.36,331.69,1.0333738663018124,0.0013814572806319302,-268.36,331.69,1.0333738663018124,1.1195753017911846e-06,-268.36,331.69,1.0333738663018124,1.1383950202534565,-268.36,331.69,1.0333738663018124,0.0013737619302463247,-268.36,331.69,0.15384615384615385,7.950157950158949e-05,False,False,True
0,0.9571088638170686,0.10320365032190028,-242.19,262.36,0.9571088638170686,0.111108738694447,-242.19,262.36,0.9571088638170686,0.41346581826489903,-242.19,262.36,0.9571088638170686,0.07083550675935003,-242.19,262.36,0.9571088638170686,72.50144657343228,-242.19,262.36,0.9571088638170686,0.00936243679767107,-242.19,262.36,0.9571088638170686,1.2551823571248208e-06,-242.19,262.36,0.9571088638170686,0.0016808190268461846,-242.19,262.36,0.9571088638170686,1.0770075485582905e-06,-242.19,262.36,0.9571088638170686,2.702208141206491,-242.19,262.36,0.9571088638170686,0.0016639255994993307,-242.19,262.36,0.19446014697569247,-9.863109863111404e-05,False,False,True
0,1.0778124951868442,0.14951685934942385,-425.33,209.96,1.0778124951868442,0.20904468002264803,-425.33,209.96,1.0778124951868442,0.546437290682338,-425.33,209.96,1.0778124951868442,0.03378176587875712,-425.33,209.96,1.0778124951868442,85.20246526644733,-425.33,209.96,1.0778124951868442,0.016344433176707356,-425.33,209.96,1.0778124951868442,1.2885926901154923e-06,-425.33,209.96,1.0778124951868442,0.0022920436693737315,-425.33,209.96,1.0778124951868442,1.1056752402498978e-06,-425.33,209.96,1.0778124951868442,1.9858510165013792,-425.33,209.96,1.0778124951868442,0.0021396677052947116,-425.33,209.96,0.16289592760180996,-0.00033478349074684584,False,False,True
0,0.8732338987684983,0.09437485050423418,-331.65,231.76,0.8732338987684983,0.11840319794759917,-331.65,231.76,0.8732338987684983,0.3216812433285183,-331.65,231.76,0.8732338987684983,0.0803468715574264,-331.65,231.76,0.8732338987684983,80.86878277532887,-331.65,231.76,0.8732338987684983,0.016240222470981433,-331.65,231.76,0.8732338987684983,1.1930402305432792e-06,-331.65,231.76,0.8732338987684983,0.0014289885094029384,-331.65,231.76,0.8732338987684983,1.0236865796712738e-06,-331.65,231.76,0.8732338987684983,2.843332815734132,-331.65,231.76,0.8732338987684983,0.0014289863316985754,-331.65,231.76,0.1628038439796495,-6.2478062478043e-05,False,False,True
0,1.1022032941775268,0.09408127634261904,-282.35,324.85,1.1022032941775268,0.0859714900489439,-282.35,324.85,1.1022032941775268,0.2374936886465891,-282.35,324.85,1.1022032941775268,0.07202313342251558,-282.35,324.85,1.1022032941775268,102.02429348254998,-282.35,324.85,1.1022032941775268,0.014253896089105274,-282.35,324.85,1.1022032941775268,1.672813542450461e-06,-282.35,324.85,1.1022032941775268,0.0019473635902260689,-282.35,324.85,1.1022032941775268,1.4353554304862799e-06,-282.35,324.85,1.1022032941775268,2.5565822292399223,-282.35,324.85,1.1022032941775268,0.0019416832210988877,-282.35,324.85,0.1085972850678733,-0.00020882266753826176,False,False,True
0,1.0754531223520782,0.08211338113347993,-298.03,315.76,1.0754531223520782,0.05290411191532319,-298.03,315.76,1.0754531223520782,0.14109241182250482,-298.03,315.76,1.0754531223520782,0.08791059835730887,-298.03,315.76,1.0754531223520782,87.80111202674833,-298.03,315.76,1.0754531223520782,0.016574617980647872,-298.03,315.76,1.0754531223520782,1.492452510225681e-06,-298.03,315.76,1.0754531223520782,0.0017469278617913712,-298.03,315.76,1.0754531223520782,1.2805968871804196e-06,-298.03,315.76,1.0754531223520782,2.8858804888219596,-298.03,315.76,1.0754531223520782,0.0017275034679783362,-298.03,315.76,0.04524886877828055,-0.0003137943137943204,False,False,True
0,1.0413469040279426,0.1583586232670987,-308.0,315.88,1.0413469040279426,0.20066051506120436,-308.0,315.88,1.0413469040279426,0.45606530387883343,-308.0,315.88,1.0413469040279426,0.06421000331600553,-308.0,315.88,1.0413469040279426,101.64619117297622,-308.0,315.88,1.0413469040279426,0.01417715541063119,-308.0,315.88,1.0413469040279426,6.561830111835087e-06,-308.0,315.88,1.0413469040279426,0.005202402707773629,-308.0,315.88,1.0413469040279426,5.630369581509894e-06,-308.0,315.88,1.0413469040279426,3.872916406561304,-308.0,315.88,1.0413469040279426,0.004322809079781461,-308.0,315.88,0.07687959299039004,-0.00035146405788606406,False,False,True
0,1.0339824083083113,0.04203533864485696,-289.95,430.63,1.0339824083083113,0.0531734937413233,-289.95,430.63,1.0339824083083113,0.21059620998237,-289.95,430.63,1.0339824083083113,0.06328341080667978,-289.95,430.63,1.0339824083083113,104.07698553878136,-289.95,430.63,1.0339824083083113,0.012404983407609095,-289.95,430.63,1.0339824083083113,1.5156309409985089e-06,-289.95,430.63,1.0339824083083113,0.0019648039448531894,-289.95,430.63,1.0339824083083113,1.3004851088116205e-06,-289.95,430.63,1.0339824083083113,3.336078247947621,-289.95,430.63,1.0339824083083113,0.001545712803992189,-289.95,430.63,0.1719457013574661,-0.00017444717444717214,False,False,True
0,0.8682443388345905,0.06187177638532238,-386.36,302.7,0.8682443388345905,0.038955602880347065,-386.36,302.7,0.8682443388345905,0.16828383155614976,-386.36,302.7,0.8682443388345905,0.07305070930424713,-386.36,302.7,0.8682443388345905,117.78888114961353,-386.36,302.7,0.8682443388345905,0.01884604875614569,-386.36,302.7,0.8682443388345905,1.213533987874714e-06,-386.36,302.7,0.8682443388345905,0.0017017123934527998,-386.36,302.7,0.8682443388345905,1.04127122083436e-06,-386.36,302.7,0.8682443388345905,2.9860740374216994,-386.36,302.7,0.8682443388345905,0.0016630743168481845,-386.36,302.7,0.09496890898812888,-0.00045082613889953617,False,False,True
0,1.0868445562384466,0.09535457249070743,-372.84,316.38,1.0868445562384466,0.14028377970149328,-372.84,316.38,1.0868445562384466,0.26910491241977824,-372.84,316.38,1.0868445562384466,0.06012941314082348,-372.84,316.38,1.0868445562384466,119.37242395669543,-372.84,316.38,1.0868445562384466,0.013910096623870343,-372.84,316.38,1.0868445562384466,1.3272860462664456e-06,-372.84,316.38,1.0868445562384466,0.0017050164764225116,-372.84,316.38,1.0868445562384466,1.1388760229226955e-06,-372.84,316.38,1.0868445562384466,3.158419834940157,-372.84,316.38,1.0868445562384466,0.001704852442063778,-372.84,316.38,0.12669683257918554,-0.00013653913653914222,False,False,True
0,1.1461471085773596,0.07245018509132882,-450.16,902.17,1.1461471085773596,0.1792116703361346,-450.16,902.17,1.1461471085773596,0.452511599516352,-450.16,902.17,1.1461471085773596,0.11774599091141445,-450.16,902.17,1.1461471085773596,127.82146738872918,-450.16,902.17,1.1461471085773596,0.01922807864203911,-450.16,902.17,1.1461471085773596,5.229098251412415e-06,-450.16,902.17,1.1461471085773596,0.00905569298342641,-450.16,902.17,1.1461471085773596,4.486820785008915e-06,-450.16,902.17,1.1461471085773596,4.135838392616885,-450.16,902.17,1.1461471085773596,0.008592698052038583,-450.16,902.17,0.0904977375565611,-0.000429907806054572,False,False,True
0,1.4111001535889682,0.0013993871963381768,-138.99,99.66,1.4111001535889682,0.0006423369384508717,-138.99,99.66,1.4111001535889682,0.0017484634608825851,-138.99,99.66,1.4111001535889682,0.0011533748450855976,-138.99,99.66,1.4111001535889682,51.30849874755861,-138.99,99.66,1.4111001535889682,0.018731685270092994,-138.99,99.66,1.4111001535889682,3.0206871277533123e-07,-138.99,99.66,1.4111001535889682,0.0003294296615427755,-138.99,99.66,1.4111001535889682,2.591896563839016e-07,-138.99,99.66,1.4111001535889682,1.526941897777737,-138.99,99.66,1.4111001535889682,0.00032942918276591406,-138.99,99.66,0.12210288298473713,-0.00037977593940896387,True,False,False
0,1.5143738885645577,0.0023976081417428838,-158.55,92.2,1.5143738885645577,0.0010608085383500398,-158.55,92.2,1.5143738885645577,0.0037128951552187353,-158.55,92.2,1.5143738885645577,0.002307604260716581,-158.55,92.2,1.5143738885645577,53.156282056710914,-158.55,92.2,1.5143738885645577,0.01773013256701935,-158.55,92.2,1.5143738885645577,2.548397608048422e-07,-158.55,92.2,1.5143738885645577,0.0003406592507069342,-158.55,92.2,1.5143738885645577,2.1866491709484103e-07,-158.55,92.2,1.5143738885645577,1.138266874865603,-158.55,92.2,1.5143738885645577,0.0003406587831681161,-158.55,92.2,0.11312217194570137,-0.00038627588627588325,True,False,False
0,1.40489581921872,0.002738265873093844,-269.59,522.28,1.40489581921872,0.0021536968178241093,-269.59,522.28,1.40489581921872,0.0072960531072898994,-269.59,522.28,1.40489581921872,0.0019009160046864143,-269.59,522.28,1.40489581921872,83.66968623943022,-269.59,522.28,1.40489581921872,0.01293339581365659,-269.59,522.28,1.40489581921872,2.409249471188607e-06,-269.59,522.28,1.40489581921872,0.005421926904816227,-269.59,522.28,1.40489581921872,2.0672532975797424e-06,-269.59,522.28,1.40489581921872,2.401479242118911,-269.59,522.28,1.40489581921872,0.0030838707743949946,-269.59,522.28,0.12669683257918554,-0.00021946216441628047,True,False,False
0,1.570080159884225,0.006372473280436468,-434.24,347.06,1.570080159884225,0.0026359005870658526,-434.24,347.06,1.570080159884225,0.011072085106714672,-434.24,347.06,1.570080159884225,0.006754214928129448,-434.24,347.06,1.570080159884225,108.63021356818754,-434.24,347.06,1.570080159884225,0.015316375162056289,-434.24,347.06,1.570080159884225,5.3002992742637275e-06,-434.24,347.06,1.570080159884225,0.005854778131472974,-434.24,347.06,1.570080159884225,4.547914727766038e-06,-434.24,347.06,1.570080159884225,3.292325811493741,-434.24,347.06,1.570080159884225,0.005619976169714118,-434.24,347.06,0.14019219898247595,-5.458055458056504e-05,True,False,False
0,1.4394854565930058,0.0025955014677248984,-446.7,260.35,1.4394854565930058,0.0018940872828855167,-446.7,260.35,1.4394854565930058,0.005139903993858935,-446.7,260.35,1.4394854565930058,0.003926472040166693,-446.7,260.35,1.4394854565930058,75.51324002954316,-446.7,260.35,1.4394854565930058,0.011917068805943825,-446.7,260.35,1.4394854565930058,5.928902935164001e-07,-446.7,260.35,1.4394854565930058,0.0007114399035596839,-446.7,260.35,1.4394854565930058,5.087287261165697e-07,-446.7,260.35,1.4394854565930058,1.0457263470050011,-446.7,260.35,1.4394854565930058,0.0007114384090330308,-446.7,260.35,0.11764705882352942,9.88210896467573e-05,True,False,False
0,1.4523032918026655,0.00925350510457532,-572.43,335.04,1.4523032918026655,0.004920658713277144,-572.43,335.04,1.4523032918026655,0.015038064575076603,-572.43,335.04,1.4523032918026655,0.00985847985452911,-572.43,335.04,1.4523032918026655,90.80906365183209,-572.43,335.04,1.4523032918026655,0.010530911132396698,-572.43,335.04,1.4523032918026655,1.1810640780254478e-06,-572.43,335.04,1.4523032918026655,0.0014561791826154834,-572.43,335.04,1.4523032918026655,1.0134104579657908e-06,-572.43,335.04,1.4523032918026655,1.5658263545897964,-572.43,335.04,1.4523032918026655,0.0014561758671796088,-572.43,335.04,0.13114754098360654,-8.424008424006411e-05,True,False,False
0,1.4805108038995405,0.0033762597463471234,-154.88,100.38,1.4805108038995405,0.0011521359503053352,-154.88,100.38,1.4805108038995405,0.004001405548347131,-154.88,100.38,1.4805108038995405,0.005155023408330944,-154.88,100.38,1.4805108038995405,57.41571428134131,-154.88,100.38,1.4805108038995405,0.010688682513963073,-154.88,100.38,1.4805108038995405,1.9950035481801507e-07,-154.88,100.38,1.4805108038995405,0.00036484082143179765,-154.88,100.38,1.4805108038995405,1.711810135470954e-07,-154.88,100.38,1.4805108038995405,1.4532441515280388,-154.88,100.38,1.4805108038995405,0.0003648404188500948,-154.88,100.38,0.13574660633484165,-0.00010964091698038672,True,False,False
0,1.4239575347933902,0.0037683832108920197,-263.46,285.82,1.4239575347933902,0.0025767547917743857,-263.46,285.82,1.4239575347933902,0.006662138994895873,-263.46,285.82,1.4239575347933902,0.003985262471429928,-263.46,285.82,1.4239575347933902,70.57533160456155,-263.46,285.82,1.4239575347933902,0.009809482946894934,-263.46,285.82,1.4239575347933902,2.5558976207355196e-06,-263.46,285.82,1.4239575347933902,0.002238511045243593,-263.46,285.82,1.4239575347933902,2.1930845468381504e-06,-263.46,285.82,1.4239575347933902,1.1408345886226932,-263.46,285.82,1.4239575347933902,0.0022385073061293643,-263.46,285.82,0.12662521198417184,-2.0007020007026875e-05,True,False,False
0,1.453366681333464,0.002101762117908878,-147.99,97.52,1.453366681333464,0.000541174140429271,-147.99,97.52,1.453366681333464,0.0018751002591556067,-147.99,97.52,1.453366681333464,0.0020508756168545017,-147.99,97.52,1.453366681333464,61.720865374873696,-147.99,97.52,1.453366681333464,0.015107329511157746,-147.99,97.52,1.453366681333464,1.5127821572013677e-07,-147.99,97.52,1.453366681333464,0.0001683991147984804,-147.99,97.52,1.453366681333464,1.298040713671487e-07,-147.99,97.52,1.453366681333464,1.1429061734316,-147.99,97.52,1.453366681333464,0.00016839899770331525,-147.99,97.52,0.12669683257918554,0.00011469016973603564,True,False,False
0,1.4987888591560834,0.001045720939642956,-149.66,94.8,1.4987888591560834,3.1085105432307654e-06,-149.66,94.8,1.4987888591560834,9.7958396215579e-06,-149.66,94.8,1.4987888591560834,0.000905136982271314,-149.66,94.8,1.4987888591560834,58.537106496544155,-149.66,94.8,1.4987888591560834,0.010777727155848595,-149.66,94.8,1.4987888591560834,4.9093038028017726e-08,-149.66,94.8,1.4987888591560834,2.3128742356660738e-05,-149.66,94.8,1.4987888591560834,4.2124215846173056e-08,-149.66,94.8,1.4987888591560834,1.0080901440606351,-149.66,94.8,1.4987888591560834,2.312872828144542e-05,-149.66,94.8,0.12669683257918554,-4.896454896454982e-05,True,False,False
0,1.4866758083445806,0.0010754047852876444,-169.02,115.32,1.4866758083445806,8.379825490594643e-05,-169.02,115.32,1.4866758083445806,0.000330827329390172,-169.02,115.32,1.4866758083445806,0.0005885606396999175,-169.02,115.32,1.4866758083445806,62.88157492807073,-169.02,115.32,1.4866758083445806,0.011907355876389455,-169.02,115.32,1.4866758083445806,1.2658751663182097e-07,-169.02,115.32,1.4866758083445806,8.016546263759627e-05,-169.02,115.32,1.4866758083445806,1.0861824992347394e-07,-169.02,115.32,1.4866758083445806,1.1123649866038505,-169.02,115.32,1.4866758083445806,8.016541495285908e-05,-169.02,115.32,0.13566986998304126,-5.6172936906890635e-05,True,False,False
0,1.4461926058880443,0.0013665523258974306,-151.0,107.19,1.4461926058880443,0.000644399929442073,-151.0,107.19,1.4461926058880443,0.0015615781896832473,-151.0,107.19,1.4461926058880443,0.0007860279222719993,-151.0,107.19,1.4461926058880443,62.37038629241032,-151.0,107.19,1.4461926058880443,0.012438958986735135,-151.0,107.19,1.4461926058880443,1.8062806182267228e-07,-151.0,107.19,1.4461926058880443,0.00012468665085380877,-151.0,107.19,1.4461926058880443,1.5498766769642032e-07,-151.0,107.19,1.4461926058880443,0.930182126887018,-151.0,107.19,1.4461926058880443,0.00012468649776335882,-151.0,107.19,0.12217194570135748,-9.389259389259571e-05,True,False,False
0,1.5218060830608997,0.0011383416311561187,-151.65,98.99,1.5218060830608997,9.880583648383592e-05,-151.65,98.99,1.5218060830608997,0.00036270216543155584,-151.65,98.99,1.5218060830608997,0.0006439277156220684,-151.65,98.99,1.5218060830608997,58.92014191091901,-151.65,98.99,1.5218060830608997,0.011001324340522707,-151.65,98.99,1.5218060830608997,7.603821785798186e-08,-151.65,98.99,1.5218060830608997,8.633310598923482e-05,-151.65,98.99,1.5218060830608997,6.524449148532961e-08,-151.65,98.99,1.5218060830608997,1.0834328037090726,-151.65,98.99,1.5218060830608997,8.633303345677128e-05,-151.65,98.99,0.13114754098360654,-6.107406107406751e-05,True,False,False
